id,total_sales
row_00009,2838.50219479151
row_00015,4393.478320458019
row_00019,2865.3197739858274
row_00020,3115.311865371938
row_00023,2547.2477255102144
row_00026,355.45917909762903
row_00027,3935.1785173803746
row_00033,3211.5946465566285
row_00034,359.4655529554744
row_00037,2159.6127300351973
row_00041,2337.235071546182
row_00042,1434.9524143526098
row_00045,1343.5297432809298
row_00049,2022.3315081635687
row_00056,2863.4972618677216
row_00057,2121.227199242056
row_00060,825.6913734265903
row_00079,2867.1552133739956
row_00082,3799.6453619841463
row_00085,2315.099900834505
row_00091,1032.8293575667926
row_00104,2398.964684639357
row_00105,942.3253939254427
row_00109,1617.168244616092
row_00115,706.1358819066617
row_00117,593.7519095632967
row_00119,3218.6987909460354
row_00120,2022.982359657485
row_00123,1031.307843092365
row_00125,1710.7286445555367
row_00130,490.420330155428
row_00132,1941.1800762130158
row_00134,1870.3168824584593
row_00139,3980.0045251830998
row_00141,4324.927985156362
row_00144,2413.6959887322982
row_00162,2564.4678404525844
row_00189,689.9765331802678
row_00192,2910.394914716473
row_00202,3276.0309185418237
row_00203,2983.419251678684
row_00208,1440.220175348381
row_00210,3044.9311260688446
row_00220,2062.330362685809
row_00235,1889.2856134269932
row_00236,1591.39384760454
row_00247,201.8858177589735
row_00249,646.9632249646313
row_00252,4406.656489580149
row_00254,2583.6922757042535
row_00256,3905.0394787604323
row_00260,3061.3226242017004
row_00265,807.2844545536001
row_00266,1655.3241139249649
row_00269,3002.210373335031
row_00283,1555.653858572371
row_00288,939.9754089106561
row_00293,1706.8286785708858
row_00296,254.87010986139268
row_00298,333.69259451082826
row_00301,1438.4608435240489
row_00305,2937.6645214757227
row_00322,584.5324803407784
row_00323,2310.5088554985305
row_00325,2162.665773611136
row_00327,3720.741372095973
row_00336,2129.35349951957
row_00337,3869.0149166742813
row_00341,2276.5241616710205
row_00345,3510.824298010052
row_00353,1443.58534414704
row_00354,1802.7939075839524
row_00363,2180.316349307447
row_00368,5647.589861735864
row_00370,3663.221856309806
row_00373,1966.2744768003395
row_00374,1668.0728042400765
row_00375,1482.3332202133943
row_00377,3013.651631484526
row_00385,896.7800249708147
row_00389,2379.215716566321
row_00391,770.9104070937524
row_00404,136.07850535471368
row_00405,2874.9305775884422
row_00407,4074.594678577968
row_00415,3073.2274313680377
row_00416,2550.86111333064
row_00423,496.83798556641125
row_00430,2498.513381134187
row_00431,1939.940400484069
row_00435,1349.590977024937
row_00437,2034.9143295326978
row_00438,541.1605707383286
row_00439,3705.912157086725
row_00441,2581.9355536067824
row_00447,143.61566702234924
row_00448,1999.7718328778058
row_00449,692.6082713789144
row_00460,151.17077498179407
row_00465,1701.677618983968
row_00472,1392.3423014420077
row_00476,680.223004885836
row_00478,3652.9677914466097
row_00480,274.1633617476059
row_00485,3803.209520640959
row_00488,774.2136955028351
row_00498,3493.1633801112093
row_00499,2957.1368311218207
row_00500,4289.564116104641
row_00504,1860.0067102955284
row_00508,1843.0102773462331
row_00518,360.23971470464204
row_00519,1141.7224442127686
row_00520,1601.044236058196
row_00525,1514.8651079860533
row_00526,2519.6746634218616
row_00530,2489.622950127889
row_00531,3690.9995751111596
row_00534,1677.2244029340181
row_00538,1192.9093242887775
row_00543,361.64634129934683
row_00551,575.8254103395525
row_00555,936.4556803059415
row_00559,2646.586207718447
row_00561,3284.8917371100797
row_00569,3290.01043771709
row_00572,274.1633617476059
row_00577,3157.279153180566
row_00580,3395.9949899144685
row_00584,5249.154615366829
row_00585,3577.0477279003403
row_00591,2017.4238007260412
row_00601,5169.884710692834
row_00603,2398.808310498821
row_00613,3127.539199153195
row_00618,1387.0999920059876
row_00620,3315.1120012592555
row_00622,1896.5333959679926
row_00623,1202.1388187469895
row_00632,1480.4257690246475
row_00635,1486.5919028135668
row_00637,721.667245614423
row_00638,710.9165114892633
row_00640,2742.373189785666
row_00641,363.82705544857885
row_00646,3613.026421903121
row_00649,2244.230735770889
row_00656,2088.0104407435965
row_00659,684.8094148207814
row_00661,5116.222434551427
row_00662,1676.6333277644555
row_00663,2269.31803049189
row_00667,2169.133028235284
row_00670,365.0299624045003
row_00673,1305.11221879714
row_00674,4807.557392613645
row_00681,2842.5025032261356
row_00683,1616.1126103819538
row_00684,3622.710614666349
row_00689,2315.5440381393214
row_00690,231.21370808433878
row_00698,1491.556079640257
row_00700,1916.148904298477
row_00702,3442.1044273790667
row_00704,3181.1219989952465
row_00705,274.43166097925206
row_00710,1638.0307917840637
row_00711,660.6045317311033
row_00714,3128.838175929256
row_00716,845.6441928966968
row_00720,2980.2369631896554
row_00721,2431.693396572551
row_00723,771.6389354935764
row_00730,1937.5230979649773
row_00732,1627.2635163082193
row_00733,5820.849868727996
row_00741,4492.734191696797
row_00753,3802.546862164616
row_00755,220.23105409039871
row_00760,3119.9526317778787
row_00764,1682.6428351521345
row_00770,1451.4051256434718
row_00771,5281.997000888886
row_00774,3209.230465041248
row_00783,304.28543725764575
row_00796,203.07058004411428
row_00804,2059.8830196918448
row_00808,4135.122987634022
row_00812,634.1261994673704
row_00814,1824.1826947864477
row_00815,1466.8473488206068
row_00819,3109.319018270675
row_00825,1409.2611731055354
row_00826,2246.4056890735974
row_00832,305.29345297666
row_00835,3350.6275766554545
row_00840,708.2600811201379
row_00844,4359.667003324442
row_00845,776.8747167721997
row_00851,876.8329737269576
row_00856,1269.369496865378
row_00868,404.27353852787655
row_00874,1863.9565923561033
row_00875,1378.0161407120409
row_00880,1646.7988718069375
row_00882,780.7123250294378
row_00884,852.5530013002742
row_00891,4153.001885916298
row_00899,2181.818850761065
row_00905,1451.3941753044737
row_00906,3123.8339399388883
row_00914,2263.620686823943
row_00924,1060.8594223890236
row_00946,3637.422817411078
row_00947,1620.7815862210612
row_00948,1536.2991026093216
row_00963,2719.747044107143
row_00977,3006.4730107127516
row_00980,2820.239087132027
row_00981,331.6175747623724
row_00984,5488.191972536573
row_00996,2001.7406658793566
row_00997,386.205753635419
row_00998,2177.3407754801024
row_00999,2392.1092236466716
row_01001,1746.8689090446728
row_01017,1050.6068481069826
row_01025,4106.545172793165
row_01026,1493.7729579123686
row_01031,380.7737075966175
row_01032,1319.3110272872752
row_01034,4096.420825938635
row_01043,3686.560792962255
row_01044,2678.0157551709162
row_01046,788.8002204909012
row_01050,2783.438619295585
row_01064,2770.6528797058077
row_01077,2046.6191171142334
row_01078,2683.656063042958
row_01085,2635.6830712723636
row_01090,1625.8457166728406
row_01093,2291.339242068177
row_01104,674.3191842925077
row_01105,862.7176799070672
row_01107,3862.7617608989935
row_01108,3049.112110489535
row_01111,1581.473381760178
row_01115,3612.9538900858074
row_01119,3098.2799202058723
row_01123,2684.28798716125
row_01124,2429.1985295387676
row_01126,1455.3370807966091
row_01129,881.261420105602
row_01145,2282.9699137361476
row_01146,1486.4082296050244
row_01148,2008.6211899609204
row_01162,1695.3418017493773
row_01165,1717.9442601712246
row_01178,1543.700829775845
row_01183,368.8905539931779
row_01190,1994.391931080273
row_01191,2994.1821384995624
row_01192,2782.8699627247493
row_01197,1440.924111791439
row_01202,3699.005456136878
row_01205,1192.3552337327133
row_01207,3179.938522174994
row_01209,1112.0446955401062
row_01211,2052.425876099633
row_01212,2578.792116771179
row_01213,1902.977460521102
row_01215,1528.5996782128536
row_01237,1262.9232609974913
row_01246,1531.2269054849182
row_01254,1540.458199034304
row_01263,623.7765580283888
row_01266,2965.0484353555235
row_01268,140.63015401041025
row_01277,2845.202128729473
row_01293,2347.5197361309174
row_01294,2171.7990189123975
row_01295,385.60198682943485
row_01300,6028.958158953084
row_01304,2487.523116757791
row_01311,2379.8205818238876
row_01314,1367.6800688321466
row_01315,386.5582780102221
row_01330,1441.8520875048341
row_01332,2932.3551058163853
row_01334,3291.3713152114433
row_01345,933.661794039307
row_01350,2991.7503959869327
row_01355,2751.1967828364313
row_01356,3404.426679736563
row_01357,872.6398014706602
row_01362,1846.7463598572958
row_01368,4324.2497605915405
row_01375,1718.6818249771657
row_01380,862.6464519383327
row_01390,544.348046065412
row_01396,3902.5723797515693
row_01397,2656.6177802046027
row_01404,2882.8022988333178
row_01407,2055.701758698796
row_01412,2603.7860525332844
row_01418,1532.0268546403954
row_01424,989.5932949003404
row_01433,3309.8154422511207
row_01436,2640.036316089972
row_01443,376.8490213343158
row_01456,3020.530381604997
row_01465,2185.207996413072
row_01475,1756.8985838346161
row_01478,2732.841993968816
row_01494,621.111112115855
row_01497,448.23890378777077
row_01499,1960.6664186284963
row_01501,959.3093009972275
row_01508,3526.6359335174857
row_01513,6108.814000148279
row_01532,3460.3528029011236
row_01534,2718.683340320146
row_01540,2333.832321230974
row_01552,3837.1964216246097
row_01553,1662.1554017311032
row_01563,253.241391582365
row_01564,3867.4448470142866
row_01565,2607.3290917421614
row_01567,365.57865931349613
row_01572,346.5113079244721
row_01573,3407.5980393579275
row_01576,1928.0612968241844
row_01577,852.0293822312126
row_01583,2395.0055113595636
row_01586,2186.5870867618087
row_01594,4589.467406045372
row_01596,2910.2704738809553
row_01598,3836.695835141073
row_01605,593.9659605690649
row_01616,3722.125793746469
row_01621,2970.3823266869604
row_01624,3744.579069383899
row_01625,1486.61547933734
row_01626,1516.763805779605
row_01630,1450.579642118992
row_01639,619.436872909648
row_01641,2158.0636779495035
row_01643,2901.2925989490054
row_01648,1567.2865959652568
row_01654,250.2900910957827
row_01655,659.3397644551401
row_01656,4333.8855326833545
row_01659,2993.9271143558176
row_01664,830.060857369574
row_01666,699.8162589060885
row_01687,1778.5110849689675
row_01689,1357.3642992380114
row_01693,1069.8809026331526
row_01698,3184.692934197863
row_01700,2058.969818681838
row_01701,2254.3107892521098
row_01702,666.6067342548678
row_01714,5668.52739724119
row_01725,3961.450832886521
row_01743,2108.721918256958
row_01750,3755.606881259095
row_01762,289.3584027429515
row_01770,2997.840220309881
row_01773,1531.89590132245
row_01782,2048.7099746497734
row_01784,2537.0867212344615
row_01790,3370.874282384644
row_01792,2880.3386249423206
row_01801,3559.5300076581343
row_01802,2743.716593645446
row_01805,159.34975678225916
row_01808,666.8644445860596
row_01822,1863.5258253691222
row_01826,665.704536763574
row_01829,3313.3570026047473
row_01836,2671.9460419751217
row_01839,601.1664366535911
row_01840,1769.3987328353144
row_01844,2116.478477798838
row_01845,3804.5971615317335
row_01853,1021.629524174582
row_01862,1393.2332540678037
row_01872,688.0668432451529
row_01882,2383.057419079712
row_01886,1462.8773677560464
row_01888,2165.5410593015517
row_01895,2574.606765571522
row_01911,1493.7588578709633
row_01915,1793.5345202778112
row_01926,3110.9123509884357
row_01932,4385.979919215811
row_01946,1717.1956551240062
row_01952,2447.745171963162
row_01961,2076.445961279112
row_01973,342.9005988473147
row_01982,2506.4728115831754
row_01983,784.0760822447072
row_01991,2165.757855880045
row_01993,1849.609829993426
row_01994,5079.244036707138
row_01995,2494.5220686335538
row_01998,2282.4970483535376
row_01999,273.6134126348071
row_02005,2745.561817966195
row_02011,2167.398622640892
row_02015,4069.2563929033495
row_02016,1849.1776517361172
row_02018,3387.957733696109
row_02055,2631.1508559554604
row_02056,1479.6602828317905
row_02059,590.134077899123
row_02068,1733.3761118585971
row_02069,2532.0112721847227
row_02076,332.00411473094573
row_02079,419.7583718956358
row_02083,697.0379005137992
row_02086,3740.2597627135847
row_02095,359.1243641989072
row_02098,4866.873474387188
row_02100,5144.650392839598
row_02103,5127.677023614418
row_02106,3135.268386126939
row_02107,4026.747295679337
row_02112,4203.521812473186
row_02118,3654.5862421849183
row_02126,2813.5483693236833
row_02127,2412.5530894994085
row_02130,2617.7807059543916
row_02133,2621.433382874759
row_02146,983.1012867574678
row_02147,3203.4244583618247
row_02152,3685.0374694450375
row_02153,3902.9727489456336
row_02162,5949.593712732381
row_02164,4122.996824761651
row_02170,2346.143857680355
row_02193,318.2644473090731
row_02195,1644.427575711181
row_02199,4036.5655809573414
row_02203,4311.019057891379
row_02210,401.9935446430111
row_02211,3508.383987348196
row_02213,3042.0409994859883
row_02215,2566.724396294221
row_02218,4437.622167706263
row_02225,1722.3756320032305
row_02230,1542.1259728753164
row_02235,498.4517896360308
row_02238,790.547640251236
row_02239,2337.225106894076
row_02240,399.54976965342365
row_02257,2566.782781767311
row_02259,2232.3139147326956
row_02262,3077.0855078284726
row_02272,1520.6485005067914
row_02274,2942.7223176889843
row_02279,1465.0381957355344
row_02280,660.8200935115852
row_02283,1195.9224538967376
row_02287,5763.232429803251
row_02294,3866.5675138072756
row_02303,3275.8320817897784
row_02310,263.121149280515
row_02313,1431.3518430990205
row_02316,287.8051896067868
row_02319,2478.3601018131453
row_02322,1766.9931262613347
row_02323,279.20362496788243
row_02327,627.5683341892361
row_02332,1609.1055410649733
row_02333,689.4298848218625
row_02339,3078.5502219414434
row_02344,1872.0296981680365
row_02346,463.32340549876443
row_02351,2066.1490502126117
row_02356,2194.326840028697
row_02357,2582.988850503746
row_02361,1435.8229857361885
row_02363,3610.7659492565012
row_02364,2948.276223107121
row_02370,3361.34695446066
row_02372,2754.592112816749
row_02374,264.52544577072416
row_02383,858.0171925739867
row_02385,368.2012336632407
row_02393,703.9183955946469
row_02403,1067.381864728084
row_02411,1866.260649506472
row_02413,694.2303345424073
row_02416,1384.2788215524085
row_02417,2436.270466879066
row_02418,2837.872936766125
row_02419,1456.1342957673044
row_02432,2253.346388076135
row_02441,2337.7515598483915
row_02442,2558.4909100580758
row_02443,5357.146305625043
row_02444,3860.6937365070635
row_02445,3259.7982705407208
row_02448,533.5897273202052
row_02454,2345.9820076849987
row_02455,3382.211619446627
row_02462,550.4159770627548
row_02469,876.3946295509379
row_02478,332.6287793483494
row_02482,5138.269405042561
row_02497,2993.0105508489937
row_02500,672.6094616408817
row_02502,3395.492024686917
row_02504,1512.145650567639
row_02508,1234.9869262301286
row_02512,3658.6571093339494
row_02514,3183.6721843949326
row_02519,3254.672095172102
row_02520,3223.8698651951186
row_02522,487.3859937867774
row_02523,291.55896824278216
row_02530,1944.161899657467
row_02531,371.468183975547
row_02534,3522.5988680448436
row_02536,4785.962220258401
row_02537,2684.7664073528167
row_02547,3160.181849589195
row_02558,1560.971670208806
row_02569,3884.6036928123535
row_02577,2423.7200294108097
row_02581,2233.869435743113
row_02582,3065.2361530281537
row_02584,540.853665367627
row_02606,388.88654239324535
row_02607,1485.453216173665
row_02612,1054.895838722899
row_02613,2533.319518825169
row_02621,607.0324076445456
row_02623,2447.745171963162
row_02627,2140.4251792572672
row_02628,3616.521557695309
row_02632,1985.8590694816448
row_02646,4119.5133296068025
row_02648,1699.9340182244453
row_02650,2170.8122202120408
row_02656,394.4095016826786
row_02659,775.3536883032684
row_02669,1113.7016849350805
row_02670,316.04338604070404
row_02672,708.216464005936
row_02674,4746.235183663023
row_02675,4203.000387920953
row_02691,1749.0413516466247
row_02700,446.73178941723967
row_02705,527.2349037986555
row_02709,3632.6149444811426
row_02712,2885.9607144313513
row_02714,4638.002567937608
row_02716,2504.970621125132
row_02726,2210.3635156410637
row_02738,544.5993741849318
row_02757,736.4808740590591
row_02758,3779.2967224684335
row_02768,4016.0343952248286
row_02772,690.4664426040366
row_02773,2845.462312833054
row_02776,2700.9556889765327
row_02778,1419.4166934718203
row_02782,3533.6920262954422
row_02786,2533.6518948170333
row_02796,783.0609863032445
row_02797,3118.8154401618867
row_02800,4096.497912521133
row_02801,3320.2293068390586
row_02807,3095.7192073830015
row_02816,5896.643279141219
row_02824,5122.6934750263
row_02833,2162.2729676740123
row_02834,2144.104277743004
row_02837,1550.7316360411
row_02839,3866.9312138438477
row_02846,3570.3381245491314
row_02848,4030.3596597068645
row_02849,2404.9241440870323
row_02852,1607.5408654483704
row_02854,353.02157990230864
row_02855,4236.81171159096
row_02858,3615.7777804414673
row_02863,4372.6489335418555
row_02875,2211.7615453398685
row_02879,392.4148740935371
row_02883,1427.9835152768562
row_02884,2447.247100394962
row_02885,328.7205929436307
row_02886,1280.0183135243408
row_02890,5218.014451956822
row_02892,5261.615470676071
row_02901,1111.6560226714885
row_02903,2966.03979096627
row_02906,3100.222119121136
row_02908,1329.4782716890484
row_02909,2928.9561790375456
row_02919,1342.225307699486
row_02925,1706.5290729915762
row_02929,2131.019528056064
row_02934,5493.493033137656
row_02939,3083.373003177992
row_02940,1174.6960113657376
row_02943,1940.7600439623513
row_02951,1960.6836428887634
row_02953,1511.4506831950355
row_02957,3226.9834548901695
row_02962,667.9624762655259
row_02964,4391.490019473803
row_02965,2193.731043686674
row_02968,1922.69627288076
row_02977,372.0627770098099
row_02980,3137.743092292125
row_02997,3513.4656143252887
row_03001,1846.6531387630212
row_03003,2208.7058686227774
row_03004,2658.8534338928885
row_03006,1622.2493645105656
row_03019,5185.443954196537
row_03025,5490.472105743366
row_03026,2972.5671171476433
row_03039,2361.239063208818
row_03046,1714.7256153231533
row_03057,1772.3360647436555
row_03059,1508.0054553476991
row_03074,1740.2762169225143
row_03082,3037.283274465355
row_03091,2388.5345519738285
row_03092,1496.7651819990847
row_03100,681.6453262530663
row_03103,352.25560821647633
row_03104,3063.3309379942857
row_03113,2453.9126779436883
row_03125,2923.8987383804188
row_03126,1454.4598936503087
row_03131,1797.6811716745922
row_03132,5442.978457730493
row_03147,4302.811638533775
row_03159,2674.6818707579505
row_03161,1210.780369703267
row_03165,2892.624992682842
row_03169,608.1554316185345
row_03175,1831.587209338354
row_03184,2790.1140551460803
row_03187,1832.7260043065114
row_03192,2353.5280261636544
row_03196,1576.5976579479934
row_03202,2656.158576694062
row_03207,4081.8711843848664
row_03208,1415.0474390045633
row_03212,2827.7210167259973
row_03218,3184.8123918865804
row_03223,1535.1090778285964
row_03226,1289.1804142604021
row_03229,1986.2131006716843
row_03230,3198.7923598796588
row_03233,1540.3126299856574
row_03236,606.8047517608587
row_03239,650.622996021046
row_03246,3571.9992214561926
row_03253,2528.1596680631296
row_03259,2366.470649210594
row_03262,1781.708682005189
row_03267,503.960334060968
row_03273,497.2858967609735
row_03282,711.6797612869374
row_03283,291.63670571084657
row_03286,1552.966586912155
row_03288,3027.4933655378454
row_03290,3658.0443893149677
row_03292,2666.560172670306
row_03295,305.0171501880374
row_03305,2533.874625450364
row_03306,2449.8733682683724
row_03320,3393.802006177291
row_03324,269.3915453132473
row_03327,3640.638737382832
row_03329,453.41028551087857
row_03338,2499.624109243444
row_03344,2296.138043557019
row_03350,1324.1803998706835
row_03351,3905.0394787604323
row_03354,2136.479835233958
row_03362,3671.7281350662493
row_03373,4236.493314163477
row_03374,1980.7005076325215
row_03380,250.2900910957827
row_03382,1568.9600290446879
row_03386,1903.7423954208373
row_03388,1520.1393249442854
row_03394,1624.717519130794
row_03399,4027.7629337471626
row_03402,3235.2801465500797
row_03408,1451.6389152260954
row_03431,3007.6640159274716
row_03432,3077.372124492122
row_03440,1490.5391242978526
row_03444,2802.9027261338224
row_03448,3629.289230240249
row_03454,2592.89375411213
row_03458,3877.670193473527
row_03459,665.747628139239
row_03464,425.52710779651085
row_03475,2738.0426034504585
row_03485,3101.811353782567
row_03489,608.9316681200173
row_03490,3185.93229957071
row_03493,2548.915119938309
row_03495,1884.1327674978445
row_03511,3437.8798303623385
row_03517,2318.4194534049566
row_03520,2699.4866841735643
row_03522,2375.3880467553076
row_03526,3056.2415719669493
row_03529,355.45917909762903
row_03532,2847.0452020227945
row_03537,3137.312728039002
row_03539,4264.746737321032
row_03540,1868.8246626450991
row_03547,3188.6303736805494
row_03550,2949.766603413616
row_03551,403.3485477984317
row_03557,2135.2725462242583
row_03560,732.4845115135529
row_03561,3352.6402717913666
row_03562,2901.9876787400344
row_03566,4718.712278307994
row_03567,2958.2173615482516
row_03572,1006.158335540761
row_03583,370.5659403509697
row_03584,4219.674266956781
row_03593,3395.602558438424
row_03604,5664.061361349372
row_03620,3233.6905747452374
row_03631,2537.060097237795
row_03643,1852.4244268015973
row_03647,875.8075400394357
row_03648,783.0609863032445
row_03649,699.429305524798
row_03658,388.8002902110699
row_03664,2122.016402858554
row_03673,3470.882887929348
row_03676,1418.603439460793
row_03680,3284.4604590879635
row_03682,715.0495532814608
row_03687,682.4794470247244
row_03694,2253.906056353981
row_03708,646.7430354204259
row_03714,2927.3780217315843
row_03715,2244.270188797924
row_03718,1342.9325509182647
row_03719,1038.465700225552
row_03720,3198.1952187633206
row_03723,349.8230511056946
row_03727,2150.4441922282
row_03732,2597.5773987641446
row_03734,2285.7280517950126
row_03736,593.416011456266
row_03742,2835.2229634305913
row_03744,909.0601906442622
row_03750,2097.3829295636588
row_03755,2540.504714293355
row_03759,1492.4868849241564
row_03768,2762.03628503289
row_03773,671.511777176002
row_03775,4097.077042450267
row_03779,1724.9889453567696
row_03783,1796.4209351837278
row_03787,1287.837729228021
row_03789,3261.1791090176775
row_03804,1275.6165284936121
row_03811,2618.9815453171805
row_03824,2647.6480458333294
row_03829,2171.011822917075
row_03831,1663.13348327248
row_03834,346.1818180833937
row_03836,1056.0824200904651
row_03839,4149.945637479421
row_03847,1543.7399933195777
row_03849,2423.33106142039
row_03854,3858.776560213465
row_03858,1552.9152994634119
row_03859,3814.4296197729445
row_03866,417.0192227966203
row_03867,2281.9072895045497
row_03871,858.0034872021153
row_03876,314.58420860105946
row_03888,1736.214978419667
row_03891,741.1951874995144
row_03903,1795.8899958112072
row_03917,1055.9322127122998
row_03920,2778.7746667813262
row_03925,1264.3053751120533
row_03926,335.60028647090695
row_03931,1798.481421586501
row_03933,3520.8515084120972
row_03934,2639.4965991774584
row_03935,2256.7518300610072
row_03938,5444.292069438182
row_03940,1184.7164709121057
row_03942,2012.436725293036
row_03945,2675.954061205288
row_03946,3042.9066818701795
row_03949,1086.617937011741
row_03960,1807.0865734699316
row_03962,1165.1578531730556
row_03965,291.20582904803985
row_03972,2530.089220284832
row_03982,3339.8713359289873
row_03987,5746.049930765827
row_03991,3873.947148168548
row_03992,1076.7244641176887
row_03996,3460.3528029011236
row_03998,2725.6201736686185
row_04009,2166.103687943381
row_04012,2269.1420445130425
row_04024,1434.9363002534415
row_04029,1322.5552551959188
row_04031,5967.2555546341855
row_04033,491.1710597873142
row_04040,1504.4974275569655
row_04054,1833.1394883251633
row_04055,2040.8429119345124
row_04065,1591.5752894593845
row_04066,423.7550543623777
row_04077,5287.731250315148
row_04078,2051.351898218077
row_04081,136.25435039764352
row_04084,3127.4433684836968
row_04092,1542.1259728753164
row_04094,2942.78477077135
row_04101,1375.764078357835
row_04107,772.8455873896704
row_04112,2231.643807396844
row_04120,932.3432044685718
row_04122,3466.7909451688456
row_04127,2404.084652566945
row_04137,1551.0047082379608
row_04138,518.0413093826646
row_04139,1746.891927704007
row_04145,3657.138634649576
row_04147,2282.8850838103363
row_04154,438.60089666550914
row_04158,3316.404344076953
row_04160,1281.0023755734956
row_04165,3303.7136377109705
row_04166,1455.8571960177544
row_04175,5320.757247153205
row_04176,1462.8871194177525
row_04177,1657.315191295355
row_04178,2827.9848128099106
row_04179,659.2419779525342
row_04186,3839.328293606385
row_04187,1913.1105920475973
row_04189,310.0477750109045
row_04193,3332.1164374468267
row_04200,489.86070397084984
row_04207,717.860234372755
row_04226,1334.451881904221
row_04228,3307.077343757521
row_04229,2884.65603804528
row_04233,2393.8782257411417
row_04234,5573.948985015021
row_04242,3844.3041970079566
row_04245,937.0643979100612
row_04255,3711.7423652278762
row_04259,1293.4852281677884
row_04261,3888.523524405019
row_04263,557.4587812023499
row_04268,6071.262479322185
row_04270,3648.9326578693262
row_04272,2526.6696850953344
row_04273,1529.438756661294
row_04278,3221.990549552155
row_04281,4150.727523113779
row_04285,2525.8790073696764
row_04293,1298.6632322088876
row_04301,336.30354067882445
row_04306,350.92178976639224
row_04315,1609.3738768587764
row_04316,369.34786581319247
row_04319,5751.459029754814
row_04320,3985.7713937505855
row_04333,2615.142462738459
row_04335,2934.8221673740177
row_04349,1595.37025767996
row_04358,1463.0264033066246
row_04359,665.9698883813272
row_04360,2097.262128929644
row_04365,3226.737654117085
row_04370,1451.9749249693452
row_04371,1888.9885871326767
row_04372,2831.46730502921
row_04373,445.0859774930652
row_04374,1697.6360694229693
row_04385,1464.1699680361148
row_04386,1978.2498913463733
row_04388,3238.9304120887923
row_04395,2118.6466586500683
row_04398,695.692340457149
row_04400,3091.2465662348814
row_04413,2789.0733716281657
row_04416,2845.7816441072305
row_04419,763.1648969679073
row_04438,1587.9051525553157
row_04441,1768.3884072847554
row_04454,1749.0413516466247
row_04470,2267.6037750389496
row_04471,3460.3528029011236
row_04483,2880.0558403227024
row_04490,2004.0747337824603
row_04498,2121.2316186284747
row_04522,1744.9267420365743
row_04529,2658.93425902409
row_04537,1235.3796066344212
row_04538,415.54011292295877
row_04539,891.0543556246558
row_04540,1998.4169631089578
row_04541,3377.620631655809
row_04542,333.46473558946354
row_04545,1046.5312394844839
row_04550,1918.9763872616652
row_04556,342.2740625762415
row_04559,3520.495475135899
row_04562,3901.497831342136
row_04563,3371.8307832339124
row_04573,3182.4122454504086
row_04574,4162.0226899173485
row_04576,574.272838941735
row_04577,1908.11653268111
row_04591,1185.4521055683053
row_04592,6107.173990806289
row_04597,672.4591403725395
row_04598,419.33587217417795
row_04599,763.814634515992
row_04602,2666.4249977906593
row_04606,2066.1700530080266
row_04608,1818.5489963871307
row_04620,1969.6720713104985
row_04630,3044.886389143948
row_04631,3977.8694190758015
row_04634,4800.211718249486
row_04636,333.69259451082826
row_04637,2465.205342867348
row_04638,2161.753018317346
row_04651,2891.259753016484
row_04653,3538.3517400432597
row_04656,866.0273538457925
row_04657,1798.1092350152685
row_04674,2984.4378089047914
row_04675,893.9198588055666
row_04686,3006.2916693524535
row_04699,3716.6517183343794
row_04700,2918.1156455911355
row_04704,1650.982113161019
row_04709,3188.0495480139416
row_04710,2762.527119620444
row_04729,1337.3751829514108
row_04731,4123.832358611969
row_04733,588.2434424446903
row_04737,1492.5934869873008
row_04741,1526.1001455695555
row_04744,3581.0589638423417
row_04745,1427.3768534783042
row_04749,654.0643468071622
row_04757,1265.0444241634827
row_04759,3524.236090253214
row_04769,3319.9789381988444
row_04772,1646.1038100485052
row_04775,1494.2378927700488
row_04781,656.1625724270939
row_04783,376.7750608090878
row_04784,4354.57043856885
row_04785,689.9377981471077
row_04787,702.9650085177401
row_04796,2419.8811692477893
row_04799,1625.9043413399625
row_04803,709.8895710251292
row_04814,944.7390292714125
row_04824,2010.6793383475745
row_04826,1695.8942322943622
row_04831,1883.2156797724138
row_04841,2888.5107769438237
row_04843,2217.3234026925415
row_04846,300.31627557159726
row_04852,1588.6462814397378
row_04855,1938.7625453869907
row_04859,677.596129653052
row_04863,692.8975858650446
row_04881,1536.3951994536371
row_04886,1919.161231871852
row_04888,2002.4639501722868
row_04889,3959.0264613207078
row_04902,622.1422398775939
row_04909,1454.4682182155095
row_04913,1834.8040636754442
row_04914,3641.2952037992854
row_04929,2843.9712480155313
row_04936,1163.1514663290202
row_04937,2869.2159329945985
row_04938,1304.6489755066134
row_04945,2171.8024256162525
row_04955,2296.249214381591
row_04965,2450.6005419974626
row_04970,372.5060416007621
row_04974,914.0015324552638
row_04976,3273.9867993431626
row_04986,2971.254899353836
row_04987,1756.7898030205217
row_04989,3873.037674165723
row_04995,2613.7526423673135
row_05004,4008.8176609152692
row_05018,866.1237404704506
row_05021,964.5089944233429
row_05023,1882.2669955148428
row_05025,1590.7894041030781
row_05033,540.2375864587008
row_05034,3783.1754212919245
row_05035,1864.9736443615957
row_05036,1728.4041594905307
row_05045,1485.034821562673
row_05047,2322.4046417959003
row_05051,539.4998402772803
row_05053,1667.969067215789
row_05054,359.73463848932835
row_05055,791.8746214460182
row_05063,1291.7905706073336
row_05103,2711.1653658106397
row_05107,263.78215545658855
row_05116,4745.636518230773
row_05132,2969.726065011363
row_05138,821.6972370789861
row_05140,2453.22756078449
row_05141,1373.9269731756333
row_05142,3643.7547195211646
row_05146,1877.4564778362655
row_05147,3772.9751690150183
row_05160,3198.2044144137003
row_05162,1260.0737529589276
row_05180,1620.7815862210612
row_05185,1571.0272209329496
row_05191,819.5365965911781
row_05199,788.6561427181899
row_05204,1787.2043563124507
row_05213,1748.3489327408638
row_05215,446.3416590321634
row_05216,961.7371978352967
row_05223,2526.6453305436403
row_05229,2463.4311562915295
row_05235,2596.9206104559953
row_05237,3416.5133903930428
row_05239,1511.808757661993
row_05246,2815.4816724652524
row_05247,2957.596985572663
row_05254,336.34357678504256
row_05258,4395.545772566899
row_05261,3824.319288135924
row_05262,2574.6387803326757
row_05267,3192.085102627997
row_05272,1703.130024912401
row_05287,2108.3817324391466
row_05290,3064.294774771913
row_05296,3119.4228286641687
row_05297,652.9179347860743
row_05299,2848.9457833031865
row_05302,366.681009802682
row_05303,1429.9981345334054
row_05305,3173.9730058579507
row_05309,1591.033371738911
row_05312,3946.618314434148
row_05314,2017.8853328078571
row_05331,3745.9196988402196
row_05336,2061.2649863097745
row_05342,986.23080745796
row_05343,1743.289627089708
row_05348,3212.1511453979397
row_05349,1169.0038719891165
row_05354,690.9564760463994
row_05358,1152.2777282542952
row_05359,5808.999875746516
row_05360,342.79726257587953
row_05371,4274.183344262921
row_05377,1434.6337090201578
row_05392,2157.8095457530303
row_05393,714.1710546951213
row_05398,373.8784605786909
row_05401,2393.2729552786227
row_05403,454.7995059687712
row_05406,3208.1163161765007
row_05408,796.469623927639
row_05409,2671.9659944616255
row_05418,2800.6459126929526
row_05419,622.1814227457553
row_05423,726.705598878258
row_05429,1331.617906820029
row_05437,694.6098779360123
row_05446,2683.060342380522
row_05449,1977.44007063564
row_05451,1631.6732853342205
row_05454,4100.671175123984
row_05457,2532.566503556724
row_05459,2362.69266086883
row_05462,3732.8305531483657
row_05463,2046.0788729959204
row_05476,2894.4150641827796
row_05485,1392.7820124967511
row_05486,1908.139654413348
row_05493,143.40161601658102
row_05504,3775.453646452274
row_05505,2096.5301584304784
row_05506,1889.2856134269932
row_05507,657.5025593383496
row_05508,688.8875510724612
row_05528,865.0133266002052
row_05530,1729.4749251941041
row_05546,1201.8988201011641
row_05556,2401.8866926278088
row_05562,899.4944674272896
row_05563,3341.015566382379
row_05572,1349.0816487638472
row_05580,2589.2559166607602
row_05590,1545.4519706432459
row_05593,267.0797200583951
row_05594,2597.2080577011106
row_05597,1160.606263688697
row_05601,1340.6944637762965
row_05602,1480.7328387668301
row_05605,1502.80115523887
row_05623,971.3532961783454
row_05625,360.45609581490584
row_05630,5751.413453384876
row_05640,593.7519095632967
row_05644,204.94802243437826
row_05646,1705.7988657467383
row_05655,2433.807065109691
row_05658,3932.1735587473695
row_05667,1113.211545215189
row_05679,2653.5374703626876
row_05687,1310.9280214681644
row_05695,1336.1228727534203
row_05705,3184.8123918865804
row_05707,2926.489117479913
row_05711,717.5981589344029
row_05716,3341.629632519914
row_05718,1932.55616389891
row_05725,586.4141489145136
row_05728,3119.996436807937
row_05729,4616.237352753301
row_05732,3336.513023590079
row_05738,2387.9046067339304
row_05741,3421.805329297063
row_05742,3108.197598409467
row_05753,329.92470514042105
row_05756,2165.0741585107858
row_05758,2148.2945399106834
row_05763,827.3770215642646
row_05774,201.75430736713682
row_05778,2930.371849898904
row_05781,2471.087696370728
row_05786,376.8490213343158
row_05793,733.3754294774998
row_05796,5882.654740870112
row_05800,550.155201000528
row_05805,376.63497032854764
row_05806,1312.7999433547109
row_05809,5607.872981366539
row_05816,760.0269614193544
row_05831,3310.5107835749277
row_05833,2232.0687319250883
row_05836,4004.9786173518764
row_05840,969.4219679678966
row_05847,346.2835173521824
row_05849,440.20107354656346
row_05851,1918.7150977879026
row_05864,2404.3105900720175
row_05870,1345.781925546392
row_05876,647.3191313486145
row_05877,2449.2382774463927
row_05878,856.1657681614346
row_05882,3951.606079402741
row_05883,2601.0893819373778
row_05893,689.7396458185771
row_05910,495.7593314365226
row_05913,3112.213019270996
row_05915,3846.2243714006972
row_05916,460.7009623246975
row_05925,3454.9278973714604
row_05929,2952.022709607012
row_05932,3352.2695732496163
row_05935,3657.747134156106
row_05938,999.3713645147202
row_05942,621.9614248086938
row_05950,596.0808016460769
row_05951,391.5574532887949
row_05965,3052.795081696645
row_05970,2515.068050417683
row_05971,2078.6360486177314
row_05977,688.536363643661
row_05979,4060.5371314457852
row_05980,3924.2628537392507
row_05981,3013.252337362396
row_05982,2251.9494356009736
row_05986,2639.0529544129913
row_05994,1290.4184773900474
row_05996,3096.0945011230056
row_06000,1342.2574400428425
row_06001,3246.030581781159
row_06002,2932.3551058163853
row_06012,3130.3014520608713
row_06023,1270.8165488382558
row_06027,1543.136608249057
row_06032,2238.774828158025
row_06045,1369.5633998152612
row_06047,2079.310412836338
row_06048,1203.3013598053099
row_06053,3021.5171187121778
row_06061,2473.2469926711387
row_06063,1739.4552367706087
row_06072,2607.2243303718997
row_06076,760.3138264784175
row_06082,3073.344263542333
row_06097,3779.555542418919
row_06098,2129.843625808743
row_06106,674.3042954537201
row_06109,3787.5179627259263
row_06115,2464.2705766330632
row_06116,508.84209747303026
row_06122,4323.584943526617
row_06124,1802.2998850607712
row_06127,357.9130780048538
row_06137,2319.549563545793
row_06142,1662.0171673261782
row_06144,3936.8872154768414
row_06145,1129.7199743180483
row_06146,1483.659487791922
row_06150,1647.282270359038
row_06153,1815.28529769779
row_06156,3758.0773346029164
row_06164,3537.8500959685525
row_06191,662.6047609018634
row_06193,2318.465874801622
row_06194,674.7139499535228
row_06199,2849.811881623805
row_06201,310.13940547889365
row_06202,613.4753691172851
row_06212,1153.9223973926685
row_06213,3302.778073001993
row_06218,1555.196266898522
row_06228,2993.9532130515195
row_06231,3162.4555082046127
row_06237,1885.4940712287414
row_06239,2714.7032725664662
row_06240,2735.404999245887
row_06242,2852.1863673126113
row_06243,1822.0545784979122
row_06248,1817.544818323854
row_06258,1509.6636887452498
row_06260,486.33737676305867
row_06263,1462.0276170340428
row_06268,3122.1308734759377
row_06269,1678.2471662860667
row_06279,2748.3879331054923
row_06283,675.2533074812621
row_06285,1447.9676987505422
row_06292,2007.5076779269489
row_06295,1895.1490421273024
row_06323,2511.2025210944907
row_06324,777.1166197254561
row_06326,3333.2393751308377
row_06330,690.099216540387
row_06338,1931.194860168013
row_06343,666.7226068384073
row_06351,687.370710215293
row_06352,1462.4452630211974
row_06355,3739.9030687951426
row_06366,1656.9021640571248
row_06369,892.686445136092
row_06371,2529.834311168402
row_06399,2996.5038116471096
row_06412,2713.9067498922354
row_06416,1914.5994896042844
row_06421,3226.2211102061365
row_06424,4272.8839610984705
row_06431,2237.4518169341013
row_06435,2782.749207224102
row_06438,3707.0787305966574
row_06444,135.6954781809231
row_06447,5148.16955182069
row_06455,892.7607090482526
row_06462,2420.5351855299054
row_06463,350.92178976639224
row_06464,3841.873429857569
row_06471,4055.58406287052
row_06475,1752.4138810581342
row_06479,1010.0040027348448
row_06485,2828.623005117533
row_06495,1943.2893696329088
row_06499,418.22136016125796
row_06504,2346.99911642081
row_06505,3938.601078746647
row_06510,2359.396214856244
row_06511,3164.8678072525577
row_06514,2344.311378994117
row_06516,791.3083183152694
row_06518,1985.220977063938
row_06520,347.05288737979106
row_06525,3322.7299843101114
row_06528,2169.1671551657114
row_06531,1695.5828587550143
row_06534,3098.383304987526
row_06539,1486.2021225999954
row_06541,366.6688143724756
row_06543,2444.652721221796
row_06546,3601.732345846006
row_06552,3753.4013416187463
row_06553,3211.5993639627955
row_06554,3077.372124492122
row_06559,2794.604245031861
row_06563,3897.522350976289
row_06578,2716.4443484043613
row_06591,2155.2497581159437
row_06594,705.6251084715526
row_06596,3626.8436860946626
row_06599,1806.0292056911253
row_06600,3922.416094725027
row_06602,3033.728286116505
row_06603,326.1904104294282
row_06611,2212.089398238426
row_06616,3456.7531126176564
row_06617,899.6911298956536
row_06619,5737.973989408146
row_06630,1320.43536781403
row_06633,2411.300094316938
row_06636,4034.199978921687
row_06645,1716.605237568396
row_06646,354.81035287003726
row_06647,2999.1469528389734
row_06648,4060.610673211685
row_06651,2641.5200159706237
row_06660,2856.3619564092614
row_06663,916.3879816032653
row_06668,2260.2678227189444
row_06669,673.9073200609096
row_06671,2565.5658721320506
row_06673,5661.196692898133
row_06675,4137.230915065602
row_06677,3501.479313020681
row_06682,4181.217891375646
row_06683,660.9276889754593
row_06684,1057.2360741794407
row_06686,590.7348988928654
row_06689,2538.2804252558167
row_06693,2703.868337400222
row_06696,430.8229809225068
row_06697,1544.8730563720114
row_06701,2044.1918210930273
row_06710,3712.7466589966907
row_06717,3410.9320086955163
row_06719,3876.7929698005555
row_06720,2180.442997359743
row_06722,1663.13348327248
row_06723,2192.4498249150643
row_06735,2310.505516925064
row_06746,1420.476636879796
row_06748,2772.1278497002354
row_06750,3518.253604560592
row_06772,3994.2647277624906
row_06776,4167.749555608584
row_06782,2981.107057413716
row_06785,1235.7924837513503
row_06786,5280.410850800791
row_06805,3819.4300748414153
row_06809,2964.061375830051
row_06813,2980.792153300759
row_06817,2798.25715506025
row_06818,736.3115808833525
row_06821,1707.342212901387
row_06825,1510.2692202392982
row_06828,5980.698417391593
row_06834,4035.8727858933607
row_06838,635.1598413220894
row_06841,431.29983824426256
row_06842,1309.6209806059896
row_06852,376.89454777878376
row_06855,686.8188258833123
row_06856,462.0913394504972
row_06866,2766.2980465386
row_06872,2709.3520793512193
row_06873,1063.1628365080642
row_06885,2203.7190413051653
row_06901,3290.561970340602
row_06902,1673.930375779785
row_06903,833.7729337151508
row_06906,315.21802630917324
row_06907,1127.723956997866
row_06912,1228.4075976613794
row_06914,5148.4705655097705
row_06915,1805.708428033339
row_06918,2217.016706778265
row_06920,1599.2912273110364
row_06924,2970.1287963227337
row_06929,1385.30049787656
row_06943,750.5086386576069
row_06945,1336.7407174432112
row_06946,1528.5420746828197
row_06948,3240.8099518094573
row_06954,2630.7296785642056
row_06955,689.9765331802678
row_06960,1208.8077494121246
row_06963,395.79823091948697
row_06966,1416.154447680864
row_06969,2798.6430523424847
row_06982,2239.4299876811538
row_06997,3251.4492576733164
row_07002,2158.3746112019085
row_07003,3423.6607162950504
row_07005,2845.1206837065306
row_07012,2747.705661950698
row_07017,562.7722024215772
row_07019,3019.946629319757
row_07023,2979.563880738277
row_07025,1251.2833010033742
row_07029,4260.413571048625
row_07030,2087.7963897378286
row_07038,2014.005940822565
row_07042,1907.418452990725
row_07043,1981.3711323528073
row_07045,1201.3641610797683
row_07048,3081.595857123434
row_07050,373.40108952850915
row_07052,3217.600759266569
row_07067,667.7484252597577
row_07069,1484.6072747261278
row_07072,2361.508520114192
row_07073,2533.3456614923316
row_07075,1803.9718320679744
row_07076,3549.9703735404596
row_07085,1814.9822549810526
row_07091,262.267697931091
row_07095,136.25435039764352
row_07096,1435.795846509323
row_07097,1165.3719041788238
row_07100,3285.4214917421164
row_07118,2491.172144565307
row_07120,3411.0515759609943
row_07136,2269.9831110447067
row_07138,2501.3787877591103
row_07140,3203.278693121357
row_07142,1240.1796613856654
row_07152,468.46728168223905
row_07155,1936.5971856702802
row_07170,930.9016470452214
row_07173,760.280152705427
row_07181,1500.990716420497
row_07196,3918.155433164434
row_07205,1385.4316443172688
row_07206,2664.4793502259768
row_07208,4073.031185253944
row_07219,3843.4477248142903
row_07225,347.93599115920244
row_07228,891.1691642041023
row_07229,775.1980700517386
row_07235,4158.707338952871
row_07239,2636.902203997711
row_07243,1346.8685339014205
row_07248,1837.6309953644231
row_07250,3620.1658353858757
row_07251,1323.2008017128062
row_07258,1248.3827857858864
row_07261,375.64262428996096
row_07277,2981.113504761799
row_07288,2616.885288578104
row_07292,3137.133211457755
row_07301,962.9855686496261
row_07303,2309.4434326687738
row_07304,3621.1019625005665
row_07315,427.8995983768664
row_07317,5416.972156272126
row_07320,1713.167707868195
row_07324,3948.6571386645032
row_07334,1734.3887904551812
row_07354,2727.62414332714
row_07356,326.12939979901927
row_07357,136.4684014034117
row_07358,1700.9848922679641
row_07360,2045.2266172863156
row_07362,2080.661031768665
row_07370,936.1705226554662
row_07375,3761.432983152785
row_07380,5182.53435061098
row_07394,2713.2711158750626
row_07396,3397.5902043063247
row_07397,2439.2620137583117
row_07402,1706.9517681399584
row_07406,1762.2920524243557
row_07423,3564.525883476602
row_07424,5516.405833006409
row_07431,1854.9989353712083
row_07435,3694.233715853905
row_07439,2766.289682386397
row_07448,866.681242063835
row_07454,1560.2849978223835
row_07460,2818.066432955326
row_07463,1631.6732853342205
row_07464,1029.842737419437
row_07480,3178.3138173335365
row_07491,3176.324005290928
row_07495,1492.0863628181753
row_07496,216.99959353497468
row_07504,1606.620232391329
row_07514,2967.39856791436
row_07515,697.7267668910677
row_07516,2570.5368704301623
row_07518,1278.6095102636561
row_07524,2967.879309045974
row_07525,1368.714798194308
row_07528,3223.696801786309
row_07529,305.5403403811392
row_07532,2812.0439536005283
row_07534,1550.308782616888
row_07537,1448.8470091178858
row_07541,1380.1641566697492
row_07546,290.87270559227954
row_07551,4451.60109162398
row_07557,1782.3573707273115
row_07571,3202.24557505259
row_07577,2096.5947912772895
row_07580,3197.3160163956904
row_07587,942.9756478814587
row_07591,2121.441927875411
row_07592,734.7441956018471
row_07609,2334.8212114361404
row_07633,4108.157197610177
row_07634,2483.030869066201
row_07649,2475.020596172168
row_07677,4098.527453725056
row_07683,2066.829470891343
row_07687,1518.075996366007
row_07697,2959.9250256580735
row_07698,1477.1907265669654
row_07700,1344.8763147668294
row_07709,2751.8792515931955
row_07713,821.7573177843401
row_07715,505.97759579175175
row_07726,721.279733434461
row_07734,3534.373694214707
row_07746,2532.977906572321
row_07748,2790.4210457096788
row_07753,3126.3292676447727
row_07755,2498.8478786682376
row_07759,2013.8126557685966
row_07763,4058.5057457039597
row_07771,515.310105294199
row_07784,1492.0141061050838
row_07790,2352.5017015391695
row_07796,2494.83688832104
row_07800,1526.5732546974216
row_07804,3774.9941779211517
row_07806,876.5063101594906
row_07808,3887.069498731888
row_07812,1475.712926144543
row_07819,3760.7793370852837
row_07821,4149.659051370122
row_07822,949.6941286871937
row_07823,4034.600132658854
row_07825,2250.432480728085
row_07839,3191.325135009342
row_07843,2118.1887453252143
row_07847,290.46997979659767
row_07861,3097.3639596973694
row_07864,875.3211650450742
row_07869,1580.6244752792088
row_07870,2024.8141595726906
row_07871,2905.7459632220557
row_07879,2202.8475709288527
row_07886,3954.5417855836217
row_07888,2757.6630516408068
row_07891,385.60198682943485
row_07893,1061.6936393577068
row_07896,1437.8097514780466
row_07899,2311.686043899327
row_07902,2848.730999680765
row_07911,623.0382751142525
row_07912,2009.6870642606978
row_07915,2038.97853800117
row_07923,2905.174629550522
row_07935,2962.6923935952295
row_07939,2786.0305654537915
row_07943,3074.5516696543955
row_07950,5721.426693223148
row_07952,1912.0090134291129
row_07959,1386.6838766041265
row_07960,3180.106090129764
row_07966,397.69268738343163
row_07967,2694.3106965045454
row_07969,2408.2126683461074
row_07971,850.9000049907625
row_07977,1395.440468990655
row_07981,3322.7299843101114
row_07988,1969.6178070462233
row_07991,3876.9023215914713
row_07993,1771.4247920833109
row_07994,4148.443391051455
row_07996,618.8602945877992
row_08010,3589.4922028870883
row_08016,1512.0495988935652
row_08022,3653.803469156478
row_08023,3379.7630396505892
row_08027,550.5789920171625
row_08029,1807.5204621147966
row_08031,2555.2745294183483
row_08032,361.22226029823037
row_08042,3532.563082047033
row_08048,5048.910785076432
row_08050,3169.0049322332625
row_08055,701.96821360904
row_08060,2839.2650928425596
row_08062,3211.926971436687
row_08067,2706.013960702201
row_08072,693.3253009044782
row_08073,2194.8648436093463
row_08075,3194.013754556663
row_08079,534.1284365309489
row_08081,705.1241867815174
row_08083,688.5093304379511
row_08086,2870.7756489033623
row_08089,333.69259451082826
row_08097,1592.2589454566714
row_08101,3444.5602351555167
row_08111,2652.437933912598
row_08118,2271.5253989196804
row_08121,2639.319825285442
row_08140,1142.97371369834
row_08142,3112.6135447585193
row_08155,1037.1675516406297
row_08156,3989.8047168397907
row_08158,3370.7784948433236
row_08180,3890.257628308037
row_08185,4140.970334512243
row_08191,1966.8476395649752
row_08201,358.5058769062723
row_08204,2947.0006173356905
row_08213,690.099216540387
row_08220,3181.1952331187954
row_08225,3194.719607971766
row_08231,4880.179987668424
row_08242,4055.3205662326172
row_08245,803.1735810753277
row_08248,261.1002769462028
row_08258,3707.6279914370302
row_08260,2837.3323100897633
row_08264,2852.825210078802
row_08268,3578.5951934280433
row_08282,4231.086566131415
row_08298,3425.185385324315
row_08300,5148.559929121709
row_08301,1190.0922884918243
row_08306,859.3770483606486
row_08308,3368.6273729974237
row_08313,1674.1928090762688
row_08320,3227.929936238748
row_08322,305.11798262983166
row_08329,1597.5996451908707
row_08330,1774.0493580043806
row_08332,853.6292746072596
row_08336,684.6118816666653
row_08337,2517.9440786872883
row_08340,733.5825431930192
row_08345,2259.3872897866368
row_08355,434.7989365448327
row_08357,2831.253254023442
row_08360,2211.1420497143154
row_08367,1922.4304291183728
row_08373,1848.7850494705208
row_08375,1627.047906645797
row_08382,5898.23761627261
row_08385,2317.955388097656
row_08386,1373.028707939144
row_08392,2899.226080298333
row_08408,3547.760756455923
row_08413,1882.6286628171015
row_08418,5582.714222213101
row_08423,4279.702244187195
row_08450,5745.205104122144
row_08456,2065.3681540452785
row_08458,1283.6472468071888
row_08462,2742.9317618057194
row_08464,1206.2131381980853
row_08465,443.0520532859124
row_08470,3365.4068413729865
row_08472,3064.6687507766287
row_08477,1313.8731858884414
row_08479,1392.38415684087
row_08481,2708.907301815646
row_08483,2811.891216034967
row_08489,360.91791380293455
row_08491,2723.9343922442836
row_08504,4390.726667031336
row_08515,1748.8988854181605
